{
  "version": 4,
  "configurePresets": [
    {
        "name":  "base",
        "hidden": true,
        "generator":   "Ninja",
        "binaryDir":   "${sourceDir}/build-${presetName}",
        "cacheVariables": {
            "CMAKE_EXPORT_COMPILE_COMMANDS": "ON",
            "CMAKE_INSTALL_RPATH": "$ORIGIN;$ORIGIN/.."
        }
    },
    {
        "name": "sycl-base",
        "hidden": true,
        "generator": "Ninja",
        "binaryDir": "${sourceDir}/build-${presetName}",
        "cacheVariables": {
            "CMAKE_EXPORT_COMPILE_COMMANDS": "ON",
            "CMAKE_CXX_COMPILER": "icx",
            "LLAMA_SYCL": "ON",
            "CMAKE_INSTALL_RPATH": "$ORIGIN;$ORIGIN/.."
        }
    },
    { "name": "debug",   "hidden": true, "cacheVariables": { "CMAKE_BUILD_TYPE": "Debug" } },
    { "name": "release", "hidden": true, "cacheVariables": { "CMAKE_BUILD_TYPE": "Release" } },
    { "name": "reldbg", "hidden": true, "cacheVariables": { "CMAKE_BUILD_TYPE": "RelWithDebInfo" } },
    { "name": "static",  "hidden": true, "cacheVariables": { "LLAMA_STATIC": "ON" } },

    {
        "name": "arm64-windows-msvc", "hidden": true,
        "architecture": { "value": "arm64",       "strategy": "external" },
        "toolset":      { "value": "host=x86_64", "strategy": "external" },
        "cacheVariables": {
            "CMAKE_TOOLCHAIN_FILE": "${sourceDir}/cmake/arm64-windows-msvc.cmake"
        }
    },

    {
        "name": "arm64-windows-llvm", "hidden": true,
        "architecture": { "value": "arm64",       "strategy": "external" },
        "toolset":      { "value": "host=x86_64", "strategy": "external" },
        "cacheVariables": {
            "CMAKE_TOOLCHAIN_FILE": "${sourceDir}/cmake/arm64-windows-llvm.cmake"
        }
    },

    { "name": "arm64-windows-llvm-debug"  , "inherits": [ "base", "arm64-windows-llvm",  "debug"   ] },
    { "name": "arm64-windows-llvm-release", "inherits": [ "base", "arm64-windows-llvm",  "reldbg" ] },
    { "name": "arm64-windows-llvm+static-release", "inherits": [ "base", "arm64-windows-llvm",  "reldbg", "static" ] },

    { "name": "arm64-windows-msvc-debug"  , "inherits": [ "base", "arm64-windows-msvc",  "debug"   ] },
    { "name": "arm64-windows-msvc-release", "inherits": [ "base", "arm64-windows-msvc",  "reldbg" ] },
    { "name": "arm64-windows-msvc+static-release", "inherits": [ "base", "arm64-windows-msvc",  "reldbg", "static" ] },

    { "name": "x64-windows-msvc-debug"  , "inherits": [ "base", "debug"   ] },
    { "name": "x64-windows-msvc-release", "inherits": [ "base", "reldbg" ] },
    { "name": "x64-windows-msvc+static-release", "inherits": [ "base", "reldbg", "static" ] },

    { "name": "x64-windows-sycl-debug"  , "inherits": [ "sycl-base", "debug"   ] },
    { "name": "x64-windows-sycl-release", "inherits": [ "sycl-base", "release" ] }
  ]
}
